[
    {
        "id": "cc0d4d5e342eebf5",
        "type": "tab",
        "label": "Flow 6",
        "disabled": false,
        "info": "",
        "env": []
    },
    {
        "id": "afefa095bb07c04d",
        "type": "inject",
        "z": "cc0d4d5e342eebf5",
        "name": "Comezar",
        "props": [
            {
                "p": "payload"
            },
            {
                "p": "topic",
                "vt": "str"
            }
        ],
        "repeat": "3",
        "crontab": "",
        "once": true,
        "onceDelay": 0.1,
        "topic": "",
        "payload": "",
        "payloadType": "date",
        "x": 110,
        "y": 160,
        "wires": [
            [
                "9fcf06ef0b109729"
            ]
        ]
    },
    {
        "id": "9fcf06ef0b109729",
        "type": "function",
        "z": "cc0d4d5e342eebf5",
        "name": "",
        "func": "var msgList = [];\n\nprodutos = [\"p1\",\"p2\",\"p3\",\"p4\",\"p5\"]\nprezos = [\"1.00\",\"2.00\",\"3.00\",\"4.00\",\"5.00\"]\ncategorias = [\"Alimentación\",\"Droguería\",\"Droguería\",\n'Deportes','Xoguetes']\n\ni = Math.floor(Math.random() * 5);\nj = Math.floor(Math.random() * 10);\n\ndato_json = { produto : produtos[i], prezo : prezos[i],\n    categoria : categorias[i], cantidade : j\n}\n\nmsgList.push({payload:dato_json});\n\nreturn [msgList];",
        "outputs": 1,
        "noerr": 0,
        "initialize": "",
        "finalize": "",
        "libs": [],
        "x": 300,
        "y": 160,
        "wires": [
            [
                "c10cdcf5dd470823"
            ]
        ]
    },
    {
        "id": "c10cdcf5dd470823",
        "type": "json",
        "z": "cc0d4d5e342eebf5",
        "name": "",
        "property": "payload",
        "action": "",
        "pretty": false,
        "x": 470,
        "y": 160,
        "wires": [
            [
                "feed21e94d35e875"
            ]
        ]
    },
    {
        "id": "feed21e94d35e875",
        "type": "kafkajs-producer",
        "z": "cc0d4d5e342eebf5",
        "name": "Tenda 1",
        "client": "27f9cae63ab75928",
        "topic": "vendas",
        "advancedoptions": false,
        "acknowledge": "all",
        "partition": "",
        "headeritems": {},
        "key": "",
        "responsetimeout": 30000,
        "transactiontimeout": 60000,
        "metadatamaxage": 300000,
        "allowautotopiccreation": false,
        "x": 620,
        "y": 160,
        "wires": []
    },
    {
        "id": "6ff84df0b118c4cf",
        "type": "inject",
        "z": "cc0d4d5e342eebf5",
        "name": "Comezar",
        "props": [
            {
                "p": "payload"
            },
            {
                "p": "topic",
                "vt": "str"
            }
        ],
        "repeat": "5",
        "crontab": "",
        "once": false,
        "onceDelay": 0.1,
        "topic": "",
        "payload": "",
        "payloadType": "date",
        "x": 110,
        "y": 240,
        "wires": [
            [
                "9a4bcdeea95ce7f3"
            ]
        ]
    },
    {
        "id": "9a4bcdeea95ce7f3",
        "type": "function",
        "z": "cc0d4d5e342eebf5",
        "name": "",
        "func": "var msgList = [];\n\nprodutos = [\"p6\",\"p7\",\"p8\",\"p9\",\"p10\"]\nprezos = [\"6.00\",\"7.00\",\"8.00\",\"9.00\",\"10.00\"]\ncategorias = [\"Xoguetes\",\"Droguería\",\"Droguería\",\n'Deportes','Alimentación']\n\ni = Math.floor(Math.random() * 5);\nj = Math.floor(Math.random() * 10);\n\ndato_json = { produto : produtos[i], prezo : prezos[i],\n    categoria : categorias[i], cantidade : j\n}\n\nmsgList.push({payload:dato_json});\n\nreturn [msgList];",
        "outputs": 1,
        "noerr": 0,
        "initialize": "",
        "finalize": "",
        "libs": [],
        "x": 300,
        "y": 240,
        "wires": [
            [
                "0c715c9e1a75104f"
            ]
        ]
    },
    {
        "id": "0c715c9e1a75104f",
        "type": "json",
        "z": "cc0d4d5e342eebf5",
        "name": "",
        "property": "payload",
        "action": "",
        "pretty": false,
        "x": 470,
        "y": 240,
        "wires": [
            [
                "e5dda8d0c30e12c5"
            ]
        ]
    },
    {
        "id": "e5dda8d0c30e12c5",
        "type": "kafkajs-producer",
        "z": "cc0d4d5e342eebf5",
        "name": "Tenda 2",
        "client": "27f9cae63ab75928",
        "topic": "vendas",
        "advancedoptions": false,
        "acknowledge": "all",
        "partition": "",
        "headeritems": {},
        "key": "",
        "responsetimeout": 30000,
        "transactiontimeout": 60000,
        "metadatamaxage": 300000,
        "allowautotopiccreation": false,
        "x": 620,
        "y": 240,
        "wires": []
    },
    {
        "id": "4336b9a7906ed50c",
        "type": "inject",
        "z": "cc0d4d5e342eebf5",
        "name": "Comezar",
        "props": [
            {
                "p": "payload"
            },
            {
                "p": "topic",
                "vt": "str"
            }
        ],
        "repeat": "9",
        "crontab": "",
        "once": true,
        "onceDelay": 0.1,
        "topic": "",
        "payload": "",
        "payloadType": "date",
        "x": 110,
        "y": 340,
        "wires": [
            [
                "b65974b95ada79b8"
            ]
        ]
    },
    {
        "id": "b65974b95ada79b8",
        "type": "function",
        "z": "cc0d4d5e342eebf5",
        "name": "",
        "func": "var msgList = [];\n\nprodutos = [\"p11\",\"p12\",\"p13\",\"p14\",\"p15\"]\nprezos = [\"11.00\",\"12.00\",\"13.00\",\"14.00\",\"15.00\"]\ncategorias = [\"Alimentación\",\"Droguería\",\"Droguería\",\n'Deportes','Xoguetes']\n\ni = Math.floor(Math.random() * 5);\nj = Math.floor(Math.random() * 10);\n\ndato_json = { produto : produtos[i], prezo : prezos[i],\n    categoria : categorias[i], cantidade : j\n}\n\nmsgList.push({payload:dato_json});\n\nreturn [msgList];",
        "outputs": 1,
        "noerr": 0,
        "initialize": "",
        "finalize": "",
        "libs": [],
        "x": 290,
        "y": 340,
        "wires": [
            [
                "dd1875250d136a85"
            ]
        ]
    },
    {
        "id": "dd1875250d136a85",
        "type": "json",
        "z": "cc0d4d5e342eebf5",
        "name": "",
        "property": "payload",
        "action": "",
        "pretty": false,
        "x": 450,
        "y": 340,
        "wires": [
            [
                "ed78301b93f88ff0"
            ]
        ]
    },
    {
        "id": "ed78301b93f88ff0",
        "type": "kafkajs-producer",
        "z": "cc0d4d5e342eebf5",
        "name": "Tenda 3",
        "client": "27f9cae63ab75928",
        "topic": "vendas",
        "advancedoptions": false,
        "acknowledge": "all",
        "partition": "",
        "headeritems": {},
        "key": "",
        "responsetimeout": 30000,
        "transactiontimeout": 60000,
        "metadatamaxage": 300000,
        "allowautotopiccreation": false,
        "x": 610,
        "y": 340,
        "wires": []
    },
    {
        "id": "353b8975296d6f4a",
        "type": "inject",
        "z": "cc0d4d5e342eebf5",
        "name": "Comezar",
        "props": [
            {
                "p": "payload"
            },
            {
                "p": "topic",
                "vt": "str"
            }
        ],
        "repeat": "12",
        "crontab": "",
        "once": false,
        "onceDelay": 0.1,
        "topic": "",
        "payload": "",
        "payloadType": "date",
        "x": 110,
        "y": 420,
        "wires": [
            [
                "b8d028047f4227b7"
            ]
        ]
    },
    {
        "id": "b8d028047f4227b7",
        "type": "function",
        "z": "cc0d4d5e342eebf5",
        "name": "",
        "func": "var msgList = [];\n\nprodutos = [\"p16\",\"p17\",\"p18\",\"p19\",\"p20\"]\nprezos = [\"16.00\",\"17.00\",\"18.00\",\"19.00\",\"20.00\"]\ncategorias = [\"Alimentación\",\"Xoguetes\",\"Droguería\",\n'Deportes','Alimentación']\n\ni = Math.floor(Math.random() * 5);\nj = Math.floor(Math.random() * 10);\n\ndato_json = { produto : produtos[i], prezo : prezos[i],\n    categoria : categorias[i], cantidade : j\n}\n\nmsgList.push({payload:dato_json});\n\nreturn [msgList];",
        "outputs": 1,
        "noerr": 0,
        "initialize": "",
        "finalize": "",
        "libs": [],
        "x": 290,
        "y": 420,
        "wires": [
            [
                "a3e823f05e53fa3c"
            ]
        ]
    },
    {
        "id": "a3e823f05e53fa3c",
        "type": "json",
        "z": "cc0d4d5e342eebf5",
        "name": "",
        "property": "payload",
        "action": "",
        "pretty": false,
        "x": 450,
        "y": 420,
        "wires": [
            [
                "e11fed91724d616f"
            ]
        ]
    },
    {
        "id": "e11fed91724d616f",
        "type": "kafkajs-producer",
        "z": "cc0d4d5e342eebf5",
        "name": "Tenda 4",
        "client": "27f9cae63ab75928",
        "topic": "vendas",
        "advancedoptions": false,
        "acknowledge": "all",
        "partition": "",
        "headeritems": {},
        "key": "",
        "responsetimeout": 30000,
        "transactiontimeout": 60000,
        "metadatamaxage": 300000,
        "allowautotopiccreation": false,
        "x": 610,
        "y": 420,
        "wires": []
    },
    {
        "id": "27f9cae63ab75928",
        "type": "kafkajs-client",
        "name": "Kafkaserver",
        "brokers": "kafkaserver:9092",
        "clientid": "",
        "connectiontimeout": "3000",
        "requesttimeout": "25000",
        "advancedretry": false,
        "maxretrytime": "30000",
        "initialretrytime": "300",
        "factor": "0.2",
        "multiplier": "2",
        "retries": "5",
        "auth": "none",
        "tlsselfsign": false,
        "tlscacert": "",
        "tlsclientcert": "",
        "tlsprivatekey": "",
        "tlspassphrase": "",
        "saslssl": true,
        "saslmechanism": "plain",
        "loglevel": "error"
    }
]