[
    {
        "id": "3789829915f64831",
        "type": "tab",
        "label": "Flow 7",
        "disabled": false,
        "info": "",
        "env": []
    },
    {
        "id": "bbdeae82b4d0ee0f",
        "type": "inject",
        "z": "3789829915f64831",
        "name": "Comezar",
        "props": [
            {
                "p": "payload"
            },
            {
                "p": "topic",
                "vt": "str"
            }
        ],
        "repeat": "3",
        "crontab": "",
        "once": false,
        "onceDelay": 0.1,
        "topic": "",
        "payload": "",
        "payloadType": "date",
        "x": 130,
        "y": 40,
        "wires": [
            [
                "6cc1b2d0b26c7de7"
            ]
        ]
    },
    {
        "id": "6cc1b2d0b26c7de7",
        "type": "function",
        "z": "3789829915f64831",
        "name": "",
        "func": "var msgList = [];\n\nprodutos = [\"v1\",\"v2\",\"v3\",\"v4\",\"v5\"]\nprezos = [\"1.00\",\"2.00\",\"3.00\",\"4.00\",\"5.00\"]\ncategorias = [\"Alimentación\",\"Droguería\",\"Droguería\",\n'Deportes','Xoguetes']\n\ni = Math.floor(Math.random() * 5);\nj = Math.floor(Math.random() * 10);\n\ndato_json = { produto : produtos[i], prezo : prezos[i],\n    categoria : categorias[i], cantidade : j\n}\n\nmsgList.push({payload:dato_json});\n\nreturn [msgList];",
        "outputs": 1,
        "noerr": 0,
        "initialize": "",
        "finalize": "",
        "libs": [],
        "x": 320,
        "y": 40,
        "wires": [
            [
                "e4c21d9e440f8a95",
                "ef6a39a1f70fc56e"
            ]
        ]
    },
    {
        "id": "e4c21d9e440f8a95",
        "type": "json",
        "z": "3789829915f64831",
        "name": "",
        "property": "payload",
        "action": "",
        "pretty": false,
        "x": 490,
        "y": 40,
        "wires": [
            [
                "d27e4e71d23d0fc2"
            ]
        ]
    },
    {
        "id": "d27e4e71d23d0fc2",
        "type": "kafkajs-producer",
        "z": "3789829915f64831",
        "name": "Tenda 1",
        "client": "27f9cae63ab75928",
        "topic": "pedidos",
        "advancedoptions": false,
        "acknowledge": "all",
        "partition": "",
        "headeritems": {},
        "key": "",
        "responsetimeout": 30000,
        "transactiontimeout": 60000,
        "metadatamaxage": 300000,
        "allowautotopiccreation": false,
        "x": 640,
        "y": 40,
        "wires": []
    },
    {
        "id": "3e127a36a135a302",
        "type": "inject",
        "z": "3789829915f64831",
        "name": "Comezar",
        "props": [
            {
                "p": "payload"
            },
            {
                "p": "topic",
                "vt": "str"
            }
        ],
        "repeat": "7",
        "crontab": "",
        "once": true,
        "onceDelay": 0.1,
        "topic": "",
        "payload": "",
        "payloadType": "date",
        "x": 130,
        "y": 180,
        "wires": [
            [
                "e7609980e04805e6"
            ]
        ]
    },
    {
        "id": "e7609980e04805e6",
        "type": "function",
        "z": "3789829915f64831",
        "name": "",
        "func": "var msgList = [];\n\nprodutos = [\"v6\",\"v7\",\"v8\",\"v9\",\"v10\"]\nprezos = [\"1.00\",\"2.00\",\"3.00\",\"4.00\",\"5.00\"]\ncategorias = [\"Alimentación\",\"Droguería\",\"Droguería\",\n'Deportes','Xoguetes']\n\ni = Math.floor(Math.random() * 5);\nj = Math.floor(Math.random() * 10);\n\ndato_json = { produto : produtos[i], prezo : prezos[i],\n    categoria : categorias[i], cantidade : j\n}\n\nmsgList.push({payload:dato_json});\n\nreturn [msgList];",
        "outputs": 1,
        "noerr": 0,
        "initialize": "",
        "finalize": "",
        "libs": [],
        "x": 320,
        "y": 180,
        "wires": [
            [
                "b93c4a8d6649e931"
            ]
        ]
    },
    {
        "id": "b93c4a8d6649e931",
        "type": "json",
        "z": "3789829915f64831",
        "name": "",
        "property": "payload",
        "action": "",
        "pretty": false,
        "x": 490,
        "y": 180,
        "wires": [
            [
                "d6c54d36e9020877"
            ]
        ]
    },
    {
        "id": "d6c54d36e9020877",
        "type": "kafkajs-producer",
        "z": "3789829915f64831",
        "name": "Tenda 1",
        "client": "27f9cae63ab75928",
        "topic": "pedidos",
        "advancedoptions": false,
        "acknowledge": "all",
        "partition": "",
        "headeritems": {},
        "key": "",
        "responsetimeout": 30000,
        "transactiontimeout": 60000,
        "metadatamaxage": 300000,
        "allowautotopiccreation": false,
        "x": 640,
        "y": 180,
        "wires": []
    },
    {
        "id": "0c581d2532ac022f",
        "type": "inject",
        "z": "3789829915f64831",
        "name": "Comezar",
        "props": [
            {
                "p": "payload"
            },
            {
                "p": "topic",
                "vt": "str"
            }
        ],
        "repeat": "11",
        "crontab": "",
        "once": true,
        "onceDelay": 0.1,
        "topic": "",
        "payload": "",
        "payloadType": "date",
        "x": 130,
        "y": 240,
        "wires": [
            [
                "960414ee5d921aed"
            ]
        ]
    },
    {
        "id": "960414ee5d921aed",
        "type": "function",
        "z": "3789829915f64831",
        "name": "",
        "func": "var msgList = [];\n\nprodutos = [\"v11\",\"v12\",\"v13\",\"v14\",\"v15\"]\nprezos = [\"1.00\",\"2.00\",\"3.00\",\"4.00\",\"5.00\"]\ncategorias = [\"Alimentación\",\"Droguería\",\"Droguería\",\n'Deportes','Xoguetes']\n\ni = Math.floor(Math.random() * 5);\nj = Math.floor(Math.random() * 10);\n\ndato_json = { produto : produtos[i], prezo : prezos[i],\n    categoria : categorias[i], cantidade : j\n}\n\nmsgList.push({payload:dato_json});\n\nreturn [msgList];",
        "outputs": 1,
        "noerr": 0,
        "initialize": "",
        "finalize": "",
        "libs": [],
        "x": 320,
        "y": 240,
        "wires": [
            [
                "c3a8fed43abfd0a0"
            ]
        ]
    },
    {
        "id": "c3a8fed43abfd0a0",
        "type": "json",
        "z": "3789829915f64831",
        "name": "",
        "property": "payload",
        "action": "",
        "pretty": false,
        "x": 490,
        "y": 240,
        "wires": [
            [
                "45074b98dde4b931"
            ]
        ]
    },
    {
        "id": "45074b98dde4b931",
        "type": "kafkajs-producer",
        "z": "3789829915f64831",
        "name": "Tenda 1",
        "client": "27f9cae63ab75928",
        "topic": "pedidos",
        "advancedoptions": false,
        "acknowledge": "all",
        "partition": "",
        "headeritems": {},
        "key": "",
        "responsetimeout": 30000,
        "transactiontimeout": 60000,
        "metadatamaxage": 300000,
        "allowautotopiccreation": false,
        "x": 640,
        "y": 240,
        "wires": []
    },
    {
        "id": "6bad248fc4b42969",
        "type": "inject",
        "z": "3789829915f64831",
        "name": "Comezar",
        "props": [
            {
                "p": "payload"
            },
            {
                "p": "topic",
                "vt": "str"
            }
        ],
        "repeat": "14",
        "crontab": "",
        "once": true,
        "onceDelay": 0.1,
        "topic": "",
        "payload": "",
        "payloadType": "date",
        "x": 130,
        "y": 300,
        "wires": [
            [
                "71bdb918ac0b5d71"
            ]
        ]
    },
    {
        "id": "71bdb918ac0b5d71",
        "type": "function",
        "z": "3789829915f64831",
        "name": "",
        "func": "var msgList = [];\n\nprodutos = [\"v16\",\"v17\",\"v18\",\"v19\",\"v20\"]\nprezos = [\"1.00\",\"2.00\",\"3.00\",\"4.00\",\"5.00\"]\ncategorias = [\"Alimentación\",\"Droguería\",\"Droguería\",\n'Deportes','Xoguetes']\n\ni = Math.floor(Math.random() * 5);\nj = Math.floor(Math.random() * 10);\n\ndato_json = { produto : produtos[i], prezo : prezos[i],\n    categoria : categorias[i], cantidade : j\n}\n\nmsgList.push({payload:dato_json});\n\nreturn [msgList];",
        "outputs": 1,
        "noerr": 0,
        "initialize": "",
        "finalize": "",
        "libs": [],
        "x": 320,
        "y": 300,
        "wires": [
            [
                "5b14e929126b1db2"
            ]
        ]
    },
    {
        "id": "5b14e929126b1db2",
        "type": "json",
        "z": "3789829915f64831",
        "name": "",
        "property": "payload",
        "action": "",
        "pretty": false,
        "x": 490,
        "y": 300,
        "wires": [
            [
                "59a2216993aee78d"
            ]
        ]
    },
    {
        "id": "59a2216993aee78d",
        "type": "kafkajs-producer",
        "z": "3789829915f64831",
        "name": "Tenda 1",
        "client": "27f9cae63ab75928",
        "topic": "pedidos",
        "advancedoptions": false,
        "acknowledge": "all",
        "partition": "",
        "headeritems": {},
        "key": "",
        "responsetimeout": 30000,
        "transactiontimeout": 60000,
        "metadatamaxage": 300000,
        "allowautotopiccreation": false,
        "x": 640,
        "y": 300,
        "wires": []
    },
    {
        "id": "ef6a39a1f70fc56e",
        "type": "debug",
        "z": "3789829915f64831",
        "name": "",
        "active": true,
        "tosidebar": true,
        "console": false,
        "tostatus": false,
        "complete": "payload",
        "targetType": "msg",
        "statusVal": "",
        "statusType": "auto",
        "x": 630,
        "y": 120,
        "wires": []
    },
    {
        "id": "27f9cae63ab75928",
        "type": "kafkajs-client",
        "name": "Kafkaserver",
        "brokers": "kafkaserver:9092",
        "clientid": "",
        "connectiontimeout": "3000",
        "requesttimeout": "25000",
        "advancedretry": false,
        "maxretrytime": "30000",
        "initialretrytime": "300",
        "factor": "0.2",
        "multiplier": "2",
        "retries": "5",
        "auth": "none",
        "tlsselfsign": false,
        "tlscacert": "",
        "tlsclientcert": "",
        "tlsprivatekey": "",
        "tlspassphrase": "",
        "saslssl": true,
        "saslmechanism": "plain",
        "loglevel": "error"
    }
]